{"qv": {"(0)(0)(0)": [0.7, 0], "(0.5)(336)(-75)": [0.7, 0], "(1.0)(335)(-76)": [0.7, 0], "(1.5)(334)(-77)": [0.7, 0], "(2.0)(333)(-79)": [0.7, 0], "(2.5)(332)(-81)": [0.7, 0], "(3.0)(331)(-84)": [0.7, 0], "(3.5)(330)(-87)": [0.7, 0], "(4.0)(329)(-91)": [0.7, 0], "(4.5)(328)(-95)": [0.7, 0], "(5.0)(327)(-100)": [0.7, 0], "(5.5)(326)(-105)": [0.7, 0], "(6.0)(325)(-111)": [0.7, 0], "(6.5)(324)(-117)": [0.7, 0], "(7.0)(323)(-124)": [0.7, 0], "(7.5)(322)(-131)": [0.7, 0], "(8.0)(321)(-139)": [0.7, 0], "(8)(320)(-147)": [0.7, 0], "(8)(319)(-155)": [0.7, 0], "(8)(318)(-163)": [0.7, 0], "(8)(317)(-171)": [0.7, 0], "(8)(316)(-179)": [0.7, 0], "(8)(315)(-187)": [0.7, 0], "(8)(314)(-195)": [0.7, 0], "(8)(313)(-203)": [0.7, 0], "(8)(312)(-211)": [0.7, 0], "(8)(311)(-219)": [0.7, 0], "(8)(310)(-227)": [0.7, 0], "(8)(309)(-235)": [0.7, 0], "(8)(308)(-243)": [-209.30000000000004, 0], "(8)(307)(-251)": [0, 0], "(0.5)(336)(37)": [7.000000000000001, 0], "(1.0)(335)(36)": [7.000000000000001, 0], "(1.5)(334)(35)": [7.000000000000001, 0], "(2.0)(333)(33)": [7.000000000000001, 0], "(2.5)(332)(31)": [7.000000000000001, 0], "(3.0)(331)(28)": [7.000000000000001, 0], "(3.5)(330)(25)": [7.000000000000001, 0], "(4.0)(329)(21)": [7.000000000000001, 0], "(4.5)(328)(17)": [7.000000000000001, 0], "(5.0)(327)(12)": [7.000000000000001, 0], "(5.5)(326)(7)": [7.000000000000001, 0], "(6.0)(325)(1)": [7.000000000000001, 0], "(6.5)(324)(-5)": [7.000000000000001, 0], "(7.0)(323)(-12)": [7.000000000000001, 0], "(7.5)(322)(-19)": [7.000000000000001, 0], "(8.0)(321)(-27)": [7.000000000000001, 0], "(8)(320)(-35)": [7.000000000000001, 0], "(8)(319)(-43)": [7.000000000000001, 0], "(8)(318)(-51)": [7.000000000000001, 0], "(8)(317)(-59)": [7.000000000000001, 0], "(8)(316)(-67)": [7.000000000000001, 0], "(8)(315)(-75)": [7.000000000000001, 0], "(8)(314)(-83)": [7.000000000000001, 0], "(8)(313)(-91)": [7.000000000000001, 0], "(8)(312)(-99)": [7.000000000000001, 0], "(8)(311)(-107)": [7.000000000000001, 0], "(8)(310)(-115)": [7.000000000000001, 0], "(8)(309)(-123)": [7.000000000000001, 0], "(8)(308)(-131)": [7.000000000000001, 0], "(8)(307)(-139)": [7.000000000000001, 0], "(8)(306)(-147)": [7.000000000000001, 0], "(8)(305)(-155)": [7.000000000000001, 0], "(8)(304)(-163)": [7.000000000000001, 0], "(8)(303)(-171)": [6.971752475100001, 0], "(8)(302)(-179)": [6.8627977362, 0], "(8)(301)(-187)": [6.6760181838, 0], "(8)(300)(-195)": [6.4892386314, 0], "(8)(299)(-203)": [6.369166062, 0], "(8)(298)(-211)": [6.3177063894, 0], "(8)(297)(-219)": [6.303003625800001, 0], "(8)(296)(-227)": [6.3003031182, 0], "(8)(295)(-235)": [6.3000137781, 0], "(8)(294)(-243)": [-208.81000000000003, 6.300000000000001], "(8)(293)(-251)": [0, 0], "(-9.5)(293)(-234)": [6.300000000000001, 0], "(-9.0)(292)(-225)": [6.300000000000001, 0], "(-8.5)(291)(-217)": [6.300000000000001, 0], "(-8.0)(290)(-209)": [6.300000000000001, 0], "(-7.5)(289)(-202)": [6.300000000000001, 0], "(-7.0)(288)(-195)": [6.300000000000001, 0], "(-6.5)(287)(-189)": [6.300000000000001, 0], "(-6.0)(286)(-183)": [6.300000000000001, 0], "(-5.5)(285)(-178)": [6.300000000000001, 0], "(-5.0)(284)(-173)": [6.300000000000001, 0], "(-4.5)(283)(-169)": [6.300000000000001, 0], "(-4.0)(282)(-165)": [6.300000000000001, 0], "(-3.5)(281)(-162)": [6.300000000000001, 0], "(-3.0)(280)(-159)": [6.300000000000001, 0], "(-2.5)(279)(-157)": [6.300000000000001, 0], "(-2.0)(278)(-155)": [6.300000000000001, 0], "(-1.5)(277)(-154)": [6.300000000000001, 0], "(-1.0)(276)(-153)": [6.300000000000001, 0], "(-0.5)(275)(-153)": [6.300000000000001, 0], "(0.0)(274)(-153)": [6.300000000000001, 0], "(0.5)(273)(-153)": [6.300000000000001, 0], "(1.0)(272)(-154)": [6.300000000000001, 0], "(1.5)(271)(-155)": [6.300000000000001, 0], "(2.0)(270)(-157)": [6.300000000000001, 0], "(2.5)(269)(-159)": [6.300000000000001, 0], "(3.0)(268)(-162)": [6.300000000000001, 0], "(3.5)(267)(-165)": [6.300000000000001, 0], "(4.0)(266)(-169)": [6.300000000000001, 0], "(4.5)(265)(-173)": [6.300000000000001, 0], "(5.0)(264)(-178)": [6.300000000000001, 0], "(5.5)(263)(-183)": [6.300000000000001, 0], "(6.0)(262)(-189)": [6.259646393000001, 0], "(6.5)(261)(-195)": [6.121291169, 0], "(7.0)(260)(-202)": [5.9137583330000005, 0], "(7.5)(259)(-209)": [5.735873045, 0], "(8.0)(258)(-217)": [5.640577355, 0], "(8)(257)(-225)": [5.6079045469999995, 0], "(8)(256)(-233)": [5.600903231, 0], "(8)(255)(-241)": [5.600045927, 0], "(8)(254)(-249)": [-208.32000000000002, 5.6000000000000005], "(8)(253)(-257)": [0, 0], "(-9.5)(253)(-240)": [5.6000000000000005, 0], "(-9.0)(252)(-231)": [5.6000000000000005, 0], "(-8.5)(251)(-223)": [5.6000000000000005, 0], "(-8.0)(250)(-215)": [5.6000000000000005, 0], "(-7.5)(249)(-208)": [5.6000000000000005, 0], "(-7.0)(248)(-201)": [5.6000000000000005, 0], "(-6.5)(247)(-195)": [5.6000000000000005, 0], "(-6.0)(246)(-189)": [5.6000000000000005, 0], "(-5.5)(245)(-184)": [5.6000000000000005, 0], "(-5.0)(244)(-179)": [5.6000000000000005, 0], "(-4.5)(243)(-175)": [5.6000000000000005, 0], "(-4.0)(242)(-171)": [5.6000000000000005, 0], "(-3.5)(241)(-168)": [5.6000000000000005, 0], "(-3.0)(240)(-165)": [5.6000000000000005, 0], "(-2.5)(239)(-163)": [5.6000000000000005, 0], "(-2.0)(238)(-161)": [5.6000000000000005, 0], "(-1.5)(237)(-160)": [5.6000000000000005, 0], "(-1.0)(236)(-159)": [5.6000000000000005, 0], "(-0.5)(235)(-159)": [5.6000000000000005, 0], "(0.0)(234)(-159)": [5.6000000000000005, 0], "(0.5)(233)(-159)": [5.6000000000000005, 0], "(1.0)(232)(-160)": [5.6000000000000005, 0], "(1.5)(231)(-161)": [5.6000000000000005, 0], "(2.0)(230)(-163)": [5.6000000000000005, 0], "(2.5)(229)(-165)": [5.6000000000000005, 0], "(3.0)(228)(-168)": [5.6000000000000005, 0], "(3.5)(227)(-171)": [5.6000000000000005, 0], "(4.0)(226)(-175)": [5.6000000000000005, 0], "(4.5)(225)(-179)": [5.6000000000000005, 0], "(5.0)(224)(-184)": [5.6000000000000005, 0], "(5.5)(223)(-189)": [5.6000000000000005, 0], "(6.0)(222)(-195)": [5.54235199, 0], "(6.5)(221)(-201)": [5.36940796, 0], "(7.0)(220)(-208)": [5.14705135, 0], "(7.5)(219)(-215)": [4.9882252, 0], "(8.0)(218)(-223)": [4.92015685, 0], "(8)(217)(-231)": [4.902653559999999, 0], "(8)(216)(-239)": [4.90015309, 0], "(8)(215)(-247)": [-207.83000000000004, 4.9], "(8)(214)(-255)": [0, 0], "(-9.5)(214)(-238)": [4.9, 0], "(-9.0)(213)(-229)": [4.9, 0], "(-8.5)(212)(-221)": [4.9, 0], "(-8.0)(211)(-213)": [4.9, 0], "(-7.5)(210)(-206)": [4.9, 0], "(-7.0)(209)(-199)": [4.9, 0], "(-6.5)(208)(-193)": [4.9, 0], "(-6.0)(207)(-187)": [4.9, 0], "(-5.5)(206)(-182)": [4.9, 0], "(-5.0)(205)(-177)": [4.9, 0], "(-4.5)(204)(-173)": [4.9, 0], "(-4.0)(203)(-169)": [4.9, 0], "(-3.5)(202)(-166)": [4.9, 0], "(-3.0)(201)(-163)": [4.9, 0], "(-2.5)(200)(-161)": [4.9, 0], "(-2.0)(199)(-159)": [4.9, 0], "(-1.5)(198)(-158)": [4.9, 0], "(-1.0)(197)(-157)": [4.9, 0], "(-0.5)(196)(-157)": [4.9, 0], "(0.0)(195)(-157)": [4.9, 0], "(0.5)(194)(-157)": [4.9, 0], "(1.0)(193)(-158)": [4.9, 0], "(1.5)(192)(-159)": [4.9, 0], "(2.0)(191)(-161)": [4.9, 0], "(2.5)(190)(-163)": [4.9, 0], "(3.0)(189)(-166)": [4.9, 0], "(3.5)(188)(-169)": [4.9, 0], "(4.0)(187)(-173)": [4.9, 0], "(4.5)(186)(-177)": [4.9, 0], "(5.0)(185)(-182)": [4.9, 0], "(5.5)(184)(-187)": [4.9, 0], "(6.0)(183)(-193)": [4.9, 0], "(6.5)(182)(-199)": [4.8176457, 0], "(7.0)(181)(-206)": [4.6058775, 0], "(7.5)(180)(-213)": [4.378983, 0], "(8.0)(179)(-221)": [4.2493289999999995, 0], "(8)(178)(-229)": [4.207654499999999, 0], "(8)(177)(-237)": [4.2005102999999995, 0], "(8)(176)(-245)": [-207.34000000000003, 4.2], "(8)(175)(-253)": [0, 0], "(-9.5)(175)(-236)": [4.2, 0], "(-9.0)(174)(-227)": [4.2, 0], "(-8.5)(173)(-219)": [4.2, 0], "(-8.0)(172)(-211)": [4.2, 0], "(-7.5)(171)(-204)": [4.2, 0], "(-7.0)(170)(-197)": [4.2, 0], "(-6.5)(169)(-191)": [4.2, 0], "(-6.0)(168)(-185)": [4.2, 0], "(-5.5)(167)(-180)": [4.2, 0], "(-5.0)(166)(-175)": [4.2, 0], "(-4.5)(165)(-171)": [4.2, 0], "(-4.0)(164)(-167)": [4.2, 0], "(-3.5)(163)(-164)": [4.2, 0], "(-3.0)(162)(-161)": [4.2, 0],